label,x0,y0,z0,x1,y1,z1,x2,y2,z2,x3,y3,z3,x4,y4,z4,x5,y5,z5,x6,y6,z6,x7,y7,z7,x8,y8,z8,x9,y9,z9,x10,y10,z10,x11,y11,z11,x12,y12,z12,x13,y13,z13,x14,y14,z14,x15,y15,z15,x16,y16,z16,x17,y17,z17,x18,y18,z18,x19,y19,z19,x20,y20,z20
A,0.6645053029060364,0.8047652840614319,-2.406764281204232e-07,0.6345829367637634,0.7360399961471558,-0.04112747684121132,0.6354610919952393,0.6260724663734436,-0.05465349555015564,0.6349300742149353,0.5616763234138489,-0.05947443097829819,0.6332841515541077,0.5178308486938477,-0.05657282844185829,0.7108320593833923,0.648593544960022,-0.05342036858201027,0.6027381420135498,0.624289333820343,-0.0833243876695633,0.6019617915153503,0.6502057909965515,-0.0989619567990303,0.6279852986335754,0.6624625325202942,-0.10750853270292282,0.7387949228286743,0.7274709343910217,-0.04206866770982742,0.573072075843811,0.7311081290245056,-0.06136553734540939,0.607744574546814,0.7351639270782471,-0.0562579371035099,0.654669463634491,0.7343568801879883,-0.05026739463210106,0.730617344379425,0.8065890669822693,-0.035582415759563446,0.5789867639541626,0.8109238147735596,-0.05135160684585571,0.6065666675567627,0.800330638885498,-0.02265411801636219,0.6505166292190552,0.7920305132865906,0.002761556999757886,0.7082036733627319,0.8749207854270935,-0.03528338298201561,0.5975075364112854,0.8676312565803528,-0.059241801500320435,0.6169368624687195,0.8569697141647339,-0.055600810796022415,0.6559063196182251,0.8498243689537048,-0.043619122356176376
B,0.6993705034255981,0.8528634905815125,4.722253379441099e-07,0.6347228288650513,0.7980508804321289,-0.028490517288446426,0.5959063768386841,0.6962852478027344,-0.04481689631938934,0.6270405054092407,0.6081830859184265,-0.06034639850258827,0.6828341484069824,0.5732784271240234,-0.07602535933256149,0.5992578864097595,0.5603612661361694,-0.02279914729297161,0.5856433510780334,0.44295722246170044,-0.0449552908539772,0.5805720090866089,0.3706549406051636,-0.06656216084957123,0.5788109302520752,0.30510562658309937,-0.08516477048397064,0.6430113911628723,0.5457041263580322,-0.02890554629266262,0.6269465088844299,0.4191508889198303,-0.0467701330780983,0.619231104850769,0.33761903643608093,-0.06747910380363464,0.6121395826339722,0.2635113000869751,-0.08512508124113083,0.6878662109375,0.5569329857826233,-0.039245326071977615,0.6738873720169067,0.43875402212142944,-0.056446511298418045,0.6636730432510376,0.3626212477684021,-0.0750504806637764,0.6520249247550964,0.29372352361679077,-0.0905565544962883,0.7351181507110596,0.5873585939407349,-0.05330201983451843,0.7247570753097534,0.4930204749107361,-0.07118669897317886,0.7125880122184753,0.4305175542831421,-0.08329100161790848,0.6995874643325806,0.37509340047836304,-0.09350195527076721
A,0.6692987680435181,0.8563432097434998,-3.2572700092714513e-07,0.6583685874938965,0.7711799144744873,-0.04300788789987564,0.65287184715271,0.6871278285980225,-0.07009956985712051,0.6454468965530396,0.6294547915458679,-0.08918794989585876,0.6459945440292358,0.5735225081443787,-0.10080771148204803,0.736734926700592,0.7004136443138123,-0.06958190351724625,0.6154971122741699,0.6801160573959351,-0.11150872707366943,0.6095340847969055,0.7007525563240051,-0.13340938091278076,0.6414692401885986,0.7140672206878662,-0.14493070542812347,0.7454525232315063,0.7762945890426636,-0.06609280407428741,0.5921491384506226,0.7744367122650146,-0.09833282977342606,0.6147871613502502,0.78377765417099,-0.09826391190290451,0.6651005148887634,0.7841725945472717,-0.09623529762029648,0.7349591255187988,0.855467677116394,-0.06721623241901398,0.5927691459655762,0.8510430455207825,-0.09428715705871582,0.6207827925682068,0.8488963842391968,-0.07263217121362686,0.6668068170547485,0.8459396362304688,-0.05350928753614426,0.7141754031181335,0.926522970199585,-0.07468634098768234,0.6061951518058777,0.9112039804458618,-0.10273317247629166,0.6280664205551147,0.9027729034423828,-0.09856586903333664,0.6722791194915771,0.8988358974456787,-0.08795733749866486
B,0.6579129695892334,0.9084573984146118,4.5036634332973335e-07,0.5924137234687805,0.8696786165237427,-0.026006055995821953,0.5450782179832458,0.7850785255432129,-0.04313870891928673,0.5598326921463013,0.7032883167266846,-0.06029118224978447,0.605503261089325,0.6664110422134399,-0.0782402828335762,0.5468517541885376,0.639112651348114,-0.02391105331480503,0.5282831192016602,0.530633807182312,-0.04918857291340828,0.5206142067909241,0.4618813991546631,-0.07300598174333572,0.5163511633872986,0.3979550302028656,-0.09259329736232758,0.5873962044715881,0.6219696998596191,-0.03285723924636841,0.5661252737045288,0.5004874467849731,-0.054824162274599075,0.5552220344543457,0.4221194386482239,-0.07735505700111389,0.5453677773475647,0.348583459854126,-0.09540513157844543,0.6311697959899902,0.6295689940452576,-0.045785654336214066,0.6115928888320923,0.5143378973007202,-0.0665316954255104,0.5986717939376831,0.4411066770553589,-0.08508393913507462,0.5856093168258667,0.37468433380126953,-0.09962836652994156,0.6782433390617371,0.6567782163619995,-0.062135472893714905,0.6624504327774048,0.564681351184845,-0.08124767243862152,0.6475445628166199,0.5033329129219055,-0.09262296557426453,0.6323364973068237,0.4482186734676361,-0.10193799436092377
C,0.6475756168365479,0.8106986284255981,-7.5818711309239e-08,0.5782234072685242,0.7788790464401245,-0.001405341667123139,0.5124568939208984,0.7180096507072449,-0.010652550496160984,0.4596787393093109,0.6936551332473755,-0.02568954788148403,0.41280117630958557,0.6842862367630005,-0.040121980011463165,0.5520606637001038,0.5885451436042786,0.011234392412006855,0.52082759141922,0.5036949515342712,-0.01175021007657051,0.48127973079681396,0.4758187532424927,-0.03282719850540161,0.4446789622306824,0.46783846616744995,-0.04743634909391403,0.5721526741981506,0.586754560470581,-0.007284051738679409,0.534794270992279,0.48355865478515625,-0.03337247297167778,0.4844207167625427,0.4612419605255127,-0.05130626633763313,0.4408894181251526,0.46435660123825073,-0.06108598783612251,0.5912885665893555,0.5993421673774719,-0.030028685927391052,0.551194965839386,0.4989597797393799,-0.05107312649488449,0.49915990233421326,0.4728972315788269,-0.06201685965061188,0.45463183522224426,0.4687615931034088,-0.06738480180501938,0.6057626605033875,0.6242890357971191,-0.0541892908513546,0.5665403604507446,0.5537412166595459,-0.0690140426158905,0.5274240374565125,0.51976478099823,-0.07639452815055847,0.4914914667606354,0.4980221092700958,-0.08097920566797256
A,0.6946041584014893,0.8187962770462036,-4.148221535160701e-07,0.6570043563842773,0.6967377066612244,-0.017616406083106995,0.6372841000556946,0.5992204546928406,-0.043846480548381805,0.6219061613082886,0.5256688594818115,-0.0670999065041542,0.616529643535614,0.45080381631851196,-0.0881706103682518,0.7217364311218262,0.580767035484314,-0.08099884539842606,0.5917618870735168,0.5597749352455139,-0.11438794434070587,0.578916072845459,0.6026387214660645,-0.11814069747924805,0.6088704466819763,0.6196340918540955,-0.11817822605371475,0.725938618183136,0.6653012633323669,-0.09322451055049896,0.5771872997283936,0.645106315612793,-0.12256301194429398,0.5860077142715454,0.6802269816398621,-0.11232145875692368,0.6244436502456665,0.6890665888786316,-0.10751617699861526,0.7150775194168091,0.7507752180099487,-0.10521620512008667,0.576382040977478,0.7264271378517151,-0.1314922273159027,0.59266597032547,0.7519234418869019,-0.10978127270936966,0.6320921182632446,0.7595178484916687,-0.09716737270355225,0.6970199346542358,0.8298548460006714,-0.1180456355214119,0.5907080769538879,0.7948675751686096,-0.14324802160263062,0.6034757494926453,0.8045353889465332,-0.134832501411438,0.6405168175697327,0.8109745383262634,-0.1267564594745636
B,0.6706052422523499,0.8659679889678955,4.289659045753069e-07,0.603123664855957,0.8177560567855835,-0.026714252308011055,0.5579091310501099,0.7241016030311584,-0.04426611587405205,0.5733112692832947,0.6334338188171387,-0.06202077493071556,0.6208906173706055,0.5864494442939758,-0.08002419769763947,0.5624895691871643,0.567276656627655,-0.020401323214173317,0.5464028120040894,0.45098698139190674,-0.045346904546022415,0.5386267900466919,0.378223180770874,-0.06958509981632233,0.5343309640884399,0.31113091111183167,-0.08994446694850922,0.6046465635299683,0.5507450699806213,-0.029563358053565025,0.5849272012710571,0.4223015010356903,-0.05096597969532013,0.5756664276123047,0.3403420150279999,-0.07365849614143372,0.5673030018806458,0.26370707154273987,-0.09247010201215744,0.6492512226104736,0.5608159899711609,-0.043145470321178436,0.6314389109611511,0.4373941421508789,-0.06367070227861404,0.619765043258667,0.36099886894226074,-0.08163587003946304,0.6070305705070496,0.29131877422332764,-0.09652214497327805,0.6980093717575073,0.5924603939056396,-0.060382597148418427,0.6833252906799316,0.49538376927375793,-0.07986018806695938,0.6687389612197876,0.43102383613586426,-0.0913744792342186,0.6523827910423279,0.37275710701942444,-0.10110866278409958
C,0.6677717566490173,0.7646679282188416,-2.1913388081884477e-07,0.5931509733200073,0.7321508526802063,0.005574933253228664,0.5286455750465393,0.6692214012145996,-0.0016373537946492434,0.4752928912639618,0.6407779455184937,-0.016439836472272873,0.4255260229110718,0.6244477033615112,-0.030630899593234062,0.5743489265441895,0.5346607565879822,0.023836396634578705,0.5318453907966614,0.45481666922569275,0.0012634472222998738,0.4866308867931366,0.4353066086769104,-0.021784812211990356,0.44607335329055786,0.4377880096435547,-0.03714181110262871,0.5889794230461121,0.5278464555740356,0.003392132231965661,0.5373321771621704,0.43406009674072266,-0.021026941016316414,0.4839910864830017,0.419312983751297,-0.0417155921459198,0.43971729278564453,0.43192508816719055,-0.05423075333237648,0.6007639765739441,0.5364429950714111,-0.021076802164316177,0.5511152148246765,0.4408160150051117,-0.039494432508945465,0.4975459575653076,0.4201810956001282,-0.050351452082395554,0.4533015489578247,0.42449891567230225,-0.05653897300362587,0.6062788367271423,0.5590953826904297,-0.04646541178226471,0.5649023056030273,0.48825010657310486,-0.058115825057029724,0.5254502892494202,0.45369720458984375,-0.06444161385297775,0.48917096853256226,0.43357494473457336,-0.06897544860839844
D,0.6700756549835205,0.7430899143218994,-2.4092540229503356e-07,0.5841534733772278,0.7133495807647705,0.011955960653722286,0.5270022749900818,0.6539574861526489,0.004705057945102453,0.48348674178123474,0.6244966983795166,-0.010414274409413338,0.4448394477367401,0.5935932993888855,-0.02727864868938923,0.5826264023780823,0.49399062991142273,-0.0059180427342653275,0.5316880941390991,0.4010913670063019,-0.02424042485654354,0.5026410222053528,0.3506316840648651,-0.036545608192682266,0.48154425621032715,0.30588290095329285,-0.045993417501449585,0.6003172397613525,0.5008851885795593,-0.028358029201626778,0.49733540415763855,0.43571609258651733,-0.05376298353075981,0.44260403513908386,0.48669448494911194,-0.061530452221632004,0.42730003595352173,0.5335997939109802,-0.0641101598739624,0.6066583395004272,0.533802330493927,-0.05063221603631973,0.5092101097106934,0.4657357931137085,-0.07684971392154694,0.4582511782646179,0.5126774311065674,-0.0766064003109932,0.4447435736656189,0.5585823655128479,-0.07201974838972092,0.6013576984405518,0.5817813277244568,-0.07168270647525787,0.532365083694458,0.5174821019172668,-0.09125334024429321,0.49104273319244385,0.5383611917495728,-0.0899185985326767,0.4752421975135803,0.5781418085098267,-0.08535657078027725
F,0.6399824023246765,0.770763099193573,1.1139375288848896e-07,0.5831751823425293,0.7223911881446838,-0.005429286975413561,0.5485026240348816,0.6353665590286255,-0.010122235864400864,0.5358661413192749,0.5702599883079529,-0.018914194777607918,0.5143053531646729,0.5180288553237915,-0.028450585901737213,0.5603443384170532,0.5501704216003418,0.007412252947688103,0.5158513784408569,0.5309866070747375,-0.025031093508005142,0.47516360878944397,0.5417717099189758,-0.05546211451292038,0.4455457925796509,0.5562536716461182,-0.07206833362579346,0.5867738723754883,0.5251190066337585,-0.008064833469688892,0.5653918981552124,0.4226340055465698,-0.030528219416737556,0.5360076427459717,0.3506811261177063,-0.0524386465549469,0.5110645890235901,0.288372665643692,-0.06660369783639908,0.6189199686050415,0.5289080739021301,-0.02865305170416832,0.6273579597473145,0.41301894187927246,-0.05758141353726387,0.6175416707992554,0.3380013108253479,-0.08002801239490509,0.6038215160369873,0.27264609932899475,-0.09247994422912598,0.6505469679832458,0.5578922629356384,-0.049276817589998245,0.678987443447113,0.4717603325843811,-0.07203606516122818,0.684057354927063,0.4060278534889221,-0.08133744448423386,0.6803386807441711,0.3458528220653534,-0.08649027347564697
E,0.6802313327789307,0.7490298748016357,-1.7015851483392908e-07,0.604211688041687,0.7315006256103516,-0.025458140298724174,0.5334264039993286,0.6647888422012329,-0.044916022568941116,0.490814745426178,0.598834216594696,-0.0670943632721901,0.4989212453365326,0.5304588079452515,-0.08511979877948761,0.5717814564704895,0.496900737285614,-0.01073116809129715,0.5641247034072876,0.38133561611175537,-0.05145958438515663,0.5609318017959595,0.38156282901763916,-0.08452129364013672,0.5643485188484192,0.4379574954509735,-0.10048986226320267,0.6206861734390259,0.4796012043952942,-0.01741405762732029,0.6214665770530701,0.34533387422561646,-0.05432318523526192,0.6155344843864441,0.35377979278564453,-0.08176743239164352,0.612419605255127,0.42096516489982605,-0.0934935212135315,0.6687041521072388,0.48500990867614746,-0.029847584664821625,0.6646075248718262,0.3623703718185425,-0.054647982120513916,0.659898579120636,0.36609113216400146,-0.0634898915886879,0.656998336315155,0.4211689233779907,-0.06410808116197586,0.7167922258377075,0.5072991251945496,-0.04582519829273224,0.7174115180969238,0.41022002696990967,-0.06457323580980301,0.7146905660629272,0.3972035050392151,-0.06851968914270401,0.7111083269119263,0.43066155910491943,-0.06623772531747818
L,0.6769071221351624,0.7778037190437317,-1.5826095989268651e-07,0.6095768213272095,0.7587785720825195,-0.037822090089321136,0.5302659869194031,0.7012360692024231,-0.0630984678864479,0.46397653222084045,0.6693059802055359,-0.08828901499509811,0.41073906421661377,0.6594724059104919,-0.11243049800395966,0.5574777126312256,0.5375815629959106,-0.04057939350605011,0.517695426940918,0.425834059715271,-0.08016618341207504,0.49381956458091736,0.3584868609905243,-0.10092209279537201,0.4774901866912842,0.29514387249946594,-0.11560229957103729,0.6082932949066162,0.5260564684867859,-0.0460733138024807,0.5961378812789917,0.4806160032749176,-0.10995492339134216,0.6036571860313416,0.5783488750457764,-0.11937643587589264,0.6132156252861023,0.6139598488807678,-0.11055831611156464,0.6612967252731323,0.5345336198806763,-0.05713118985295296,0.6543160080909729,0.5263257622718811,-0.11601469665765762,0.6520272493362427,0.6181708574295044,-0.10091434419155121,0.6544140577316284,0.6351299285888672,-0.07582505792379379,0.7139697074890137,0.5550078749656677,-0.07175908982753754,0.7053754329681396,0.5412481427192688,-0.10186653584241867,0.6952418088912964,0.6075074672698975,-0.08546315878629684,0.6942752599716187,0.6214425563812256,-0.06591267883777618
I,0.6826114654541016,0.813847541809082,-8.379562927984807e-07,0.6132286190986633,0.7979344129562378,-0.026489173993468285,0.5383419394493103,0.7380711436271667,-0.04131288826465607,0.5054024457931519,0.6794901490211487,-0.05839884653687477,0.5309060215950012,0.6373355388641357,-0.06944078952074051,0.5734692215919495,0.5900742411613464,-0.012988566420972347,0.5509105324745178,0.5998827219009399,-0.04904117435216904,0.5690380930900574,0.685675859451294,-0.06400614231824875,0.5863195657730103,0.7454734444618225,-0.06433843076229095,0.614773690700531,0.576256275177002,-0.01501922681927681,0.5880329608917236,0.5834029912948608,-0.06330657005310059,0.60331791639328,0.6829253435134888,-0.07722990959882736,0.6175469756126404,0.7500137090682983,-0.0726473480463028,0.6592101454734802,0.5768778920173645,-0.022909531369805336,0.6349119544029236,0.5779932737350464,-0.07325848191976547,0.6372110843658447,0.6741940975189209,-0.07755899429321289,0.643201470375061,0.7435337901115417,-0.06166937202215195,0.701019823551178,0.5821025371551514,-0.032177042216062546,0.6807680726051331,0.49002155661582947,-0.05962042510509491,0.6587608456611633,0.42916786670684814,-0.06513847410678864,0.6364931464195251,0.3788755238056183,-0.059756629168987274
P,0.7197260856628418,0.805700957775116,-2.3193960885237175e-07,0.6374598145484924,0.7255944013595581,-0.009096115827560425,0.605711042881012,0.6220096945762634,-0.019510697573423386,0.5928186774253845,0.5394873023033142,-0.032915592193603516,0.5774402022361755,0.46968039870262146,-0.04777000471949577,0.6556379199028015,0.5192397236824036,-0.028588876128196716,0.6143471598625183,0.42574185132980347,-0.05634336173534393,0.5971617698669434,0.3609675168991089,-0.0733359307050705,0.581274688243866,0.30188223719596863,-0.08631602674722672,0.6793441772460938,0.5415863394737244,-0.04143579676747322,0.573481023311615,0.5308433771133423,-0.07943768054246902,0.5028612613677979,0.5378163456916809,-0.09394361078739166,0.4485042095184326,0.5361931920051575,-0.1021459624171257,0.6897645592689514,0.589811384677887,-0.05489695817232132,0.5787642598152161,0.6343271732330322,-0.08979609608650208,0.5928516983985901,0.687717080116272,-0.08195458352565765,0.6215189099311829,0.7107592821121216,-0.07146971672773361,0.6898478865623474,0.6483520865440369,-0.06997769325971603,0.5986846089363098,0.6833521723747253,-0.0946723073720932,0.6081620454788208,0.7206547260284424,-0.08759238570928574,0.6361036896705627,0.7328585386276245,-0.07776939123868942
A,0.5945113897323608,0.9075989127159119,5.067569190941867e-07,0.5251378417015076,0.8729797601699829,-0.02604931965470314,0.471629798412323,0.7914424538612366,-0.04446496441960335,0.48438042402267456,0.7097616195678711,-0.06266600638628006,0.5308760404586792,0.6675986647605896,-0.0816853791475296,0.4677061438560486,0.6431971788406372,-0.027761397883296013,0.4465574622154236,0.5327271223068237,-0.053888119757175446,0.43699294328689575,0.46319809556007385,-0.07788126915693283,0.43058323860168457,0.39789289236068726,-0.09764207899570465,0.5079545378684998,0.6251952052116394,-0.036972593516111374,0.4826790988445282,0.5034750699996948,-0.05884476378560066,0.46997472643852234,0.4249665141105652,-0.0809020847082138,0.4579475522041321,0.3507026731967926,-0.09901624917984009,0.5524259209632874,0.6313037872314453,-0.04989881440997124,0.5293564200401306,0.5157182216644287,-0.07015638798475266,0.5142184495925903,0.44345951080322266,-0.087713323533535,0.4980607032775879,0.37722310423851013,-0.10190218687057495,0.6019067764282227,0.6568508744239807,-0.0662802904844284,0.5826007723808289,0.5657115578651428,-0.08556807786226273,0.5648967027664185,0.5048357248306274,-0.09669974446296692,0.5468653440475464,0.4499334394931793,-0.10583236068487167
C,0.6695883870124817,0.7623502612113953,-2.983820763802214e-07,0.5877020955085754,0.7283612489700317,-0.0014627290656790137,0.5170003175735474,0.6726182699203491,-0.014455440454185009,0.4594656229019165,0.6532803773880005,-0.03276214376091957,0.4119446873664856,0.6406798958778381,-0.050047632306814194,0.5758349895477295,0.5181537866592407,0.007557167671620846,0.5149238109588623,0.45629972219467163,-0.0222858227789402,0.4609244763851166,0.4443693459033966,-0.05039191618561745,0.4144936203956604,0.45400470495224,-0.06820379197597504,0.5919960737228394,0.5158965587615967,-0.009706303477287292,0.5141619443893433,0.4438020586967468,-0.039454713463783264,0.4545215964317322,0.4395512342453003,-0.061818480491638184,0.41006046533584595,0.45717740058898926,-0.07528427988290787,0.6026166081428528,0.53395015001297,-0.031029364094138145,0.5280373692512512,0.4613100290298462,-0.05473673343658447,0.4661150872707367,0.4500011205673218,-0.06664856523275375,0.41907551884651184,0.4579671025276184,-0.07241417467594147,0.6031017303466797,0.5702775120735168,-0.05344250053167343,0.5461142063140869,0.5119534134864807,-0.07008711248636246,0.49921584129333496,0.48824068903923035,-0.07735544443130493,0.45931392908096313,0.4759193956851959,-0.08116882294416428
D,0.6402852535247803,0.7909857034683228,-2.0664957389726624e-07,0.5525264739990234,0.7535951137542725,0.017340146005153656,0.4960037171840668,0.6920450329780579,0.010784432291984558,0.44979017972946167,0.6589125394821167,-0.005884840618818998,0.41023242473602295,0.6223611235618591,-0.024421537294983864,0.5601949095726013,0.530538022518158,0.006660096347332001,0.5255433917045593,0.43461042642593384,-0.00746726943179965,0.5066861510276794,0.3784710764884949,-0.017172561958432198,0.4938931465148926,0.33013972640037537,-0.025708315894007683,0.5796999931335449,0.5364488959312439,-0.018557891249656677,0.4767098128795624,0.4743075370788574,-0.040240634232759476,0.42384862899780273,0.526432991027832,-0.045521508902311325,0.4111705720424652,0.5754756927490234,-0.046865321695804596,0.5856990814208984,0.5689821243286133,-0.04393935948610306,0.4867485761642456,0.508213996887207,-0.06500524282455444,0.43403133749961853,0.5537376403808594,-0.06143506243824959,0.41893213987350464,0.5998152494430542,-0.056051384657621384,0.5779844522476196,0.6164921522140503,-0.06831611692905426,0.5064465999603271,0.5577117204666138,-0.08613499999046326,0.4616982936859131,0.5750220417976379,-0.08550605922937393,0.44192707538604736,0.6097849607467651,-0.08188799023628235
E,0.6179293394088745,0.7906801104545593,-4.1286423879682843e-07,0.5429580211639404,0.7765541076660156,-0.028202461078763008,0.4703947603702545,0.7126580476760864,-0.04810597375035286,0.42718201875686646,0.6565536856651306,-0.07106312364339828,0.4388123154640198,0.5945954322814941,-0.0899805873632431,0.5114020705223083,0.5450966954231262,-0.01534440740942955,0.505192220211029,0.4262963831424713,-0.05927833542227745,0.49109262228012085,0.45335790514945984,-0.09164606779813766,0.4946017563343048,0.5158942341804504,-0.10734469443559647,0.5575099587440491,0.5309643745422363,-0.022709080949425697,0.5558652877807617,0.39290258288383484,-0.06525131314992905,0.5405435562133789,0.4393034875392914,-0.08982616662979126,0.5408831834793091,0.5052298307418823,-0.09798207879066467,0.6030862331390381,0.5348936915397644,-0.03665127977728844,0.6037649512290955,0.4139660894870758,-0.0687045156955719,0.5869343280792236,0.45171627402305603,-0.07902991771697998,0.5862483978271484,0.5103498697280884,-0.07881124317646027,0.6506508588790894,0.5549502968788147,-0.05403269827365875,0.6559447646141052,0.4516342282295227,-0.07295692712068558,0.6410277485847473,0.465256929397583,-0.07599484175443649,0.6355329155921936,0.5111678242683411,-0.07414636015892029
D,0.7501550316810608,0.8240260481834412,-2.1556301987857296e-07,0.6500339508056641,0.7870352268218994,0.015183997340500355,0.5863149762153625,0.7221787571907043,0.007258353289216757,0.5363439917564392,0.6878237724304199,-0.010509151965379715,0.4915473163127899,0.6560621857643127,-0.029943140223622322,0.647554337978363,0.5380098223686218,-0.00017755356384441257,0.6040940880775452,0.43520569801330566,-0.018693694844841957,0.5841071009635925,0.37404659390449524,-0.0320059135556221,0.5703810453414917,0.3195812404155731,-0.04288269206881523,0.6678271889686584,0.5447533130645752,-0.025074288249015808,0.5495891571044922,0.4912639260292053,-0.050080325454473495,0.49287348985671997,0.5492740273475647,-0.05736762285232544,0.47563624382019043,0.6003612875938416,-0.06036406010389328,0.6758437156677246,0.5810664296150208,-0.05011943355202675,0.5611336827278137,0.5301471948623657,-0.07426245510578156,0.5065065622329712,0.5831918716430664,-0.07163804024457932,0.4889112710952759,0.6346991658210754,-0.06650862097740173,0.6707074642181396,0.6355003714561462,-0.0743541568517685,0.5844947695732117,0.5856513977050781,-0.09380179643630981,0.5334494113922119,0.6105897426605225,-0.09303636848926544,0.5083503723144531,0.6523677706718445,-0.08878515660762787
F,0.7009264826774597,0.8060581684112549,1.2009077465791052e-07,0.6374224424362183,0.7515220642089844,-0.005160289816558361,0.5984516143798828,0.6538078784942627,-0.010893301106989384,0.5835436582565308,0.5813148021697998,-0.02161981724202633,0.5649158358573914,0.5177875757217407,-0.032991766929626465,0.6164833903312683,0.5542627573013306,0.012766815721988678,0.5742142796516418,0.5301181077957153,-0.0205791424959898,0.5407422184944153,0.5462976098060608,-0.05237440764904022,0.518781840801239,0.564464807510376,-0.06980980932712555,0.646416187286377,0.5296352505683899,-0.004581667948514223,0.6281308531761169,0.42241328954696655,-0.0264360923320055,0.6017588973045349,0.3437846899032593,-0.049218472093343735,0.5795887112617493,0.2760010361671448,-0.06525368988513947,0.6807197332382202,0.5341537594795227,-0.028229963034391403,0.6892182230949402,0.41023826599121094,-0.05770334601402283,0.6765683889389038,0.32671138644218445,-0.08293702453374863,0.66091388463974,0.25591447949409485,-0.09830499440431595,0.7125465273857117,0.5647866129875183,-0.05197387561202049,0.7396063208580017,0.4669916331768036,-0.07494395226240158,0.7442561388015747,0.3926151394844055,-0.08643429726362228,0.7398359775543213,0.3249085545539856,-0.09430564194917679
E,0.7346315979957581,0.7851107120513916,-3.414479863295128e-07,0.6541322469711304,0.7703450322151184,-0.03553749993443489,0.5787055492401123,0.6973597407341003,-0.06070593744516373,0.530657172203064,0.6326742172241211,-0.0881446972489357,0.5411399602890015,0.5591031908988953,-0.11175263673067093,0.6233557462692261,0.5221332311630249,-0.023860208690166473,0.6132913827896118,0.39612656831741333,-0.07291838526725769,0.6064202785491943,0.4143174886703491,-0.11253833770751953,0.6118645668029785,0.48250266909599304,-0.13313396275043488,0.676160991191864,0.5065363049507141,-0.029465079307556152,0.6740414500236511,0.3569681942462921,-0.0769837275147438,0.6658235192298889,0.39144736528396606,-0.11317093670368195,0.664180338382721,0.4650660753250122,-0.1303563117980957,0.7289993762969971,0.5123451948165894,-0.041553888469934464,0.7284876108169556,0.3778234124183655,-0.07689759135246277,0.7191227078437805,0.400470495223999,-0.09756015986204147,0.7156192660331726,0.46711355447769165,-0.10519182682037354,0.7833870053291321,0.535204291343689,-0.05728667974472046,0.7908422946929932,0.42389023303985596,-0.08133579045534134,0.7818133234977722,0.42005282640457153,-0.09230782091617584,0.7724254131317139,0.46487465500831604,-0.09624014049768448
L,0.7529095411300659,0.7840957045555115,-1.6323251372796221e-07,0.6879855990409851,0.7590334415435791,-0.042327165603637695,0.6070930361747742,0.6870662569999695,-0.06833303719758987,0.5392165184020996,0.6412541270256042,-0.09348604828119278,0.48261144757270813,0.6210617423057556,-0.11710894852876663,0.6398898363113403,0.5194185376167297,-0.045071277767419815,0.6078351140022278,0.3995514512062073,-0.08713112026453018,0.5868372321128845,0.32833433151245117,-0.10816095024347305,0.5727172493934631,0.25931641459465027,-0.12340571731328964,0.695527970790863,0.508945882320404,-0.04981481283903122,0.6922017931938171,0.4601247310638428,-0.11778746545314789,0.69371497631073,0.5632520318031311,-0.12802310287952423,0.6980172395706177,0.5969234704971313,-0.11909494549036026,0.7515929937362671,0.5214250087738037,-0.060505446046590805,0.75193190574646,0.5198809504508972,-0.1245502382516861,0.7426327466964722,0.6171965003013611,-0.10977634787559509,0.7401530146598816,0.6311975717544556,-0.08418633788824081,0.8047592043876648,0.5470053553581238,-0.07511330395936966,0.8019739985466003,0.5438933968544006,-0.11013581603765488,0.7875511050224304,0.6138100028038025,-0.09570394456386566,0.7838128805160522,0.6245741844177246,-0.07699977606534958
I,0.7296900749206543,0.8076903223991394,-8.005545168998651e-07,0.6650497317314148,0.7834964990615845,-0.024005811661481857,0.592983603477478,0.7058014869689941,-0.03510654345154762,0.5673479437828064,0.6261151432991028,-0.05000236630439758,0.5930341482162476,0.5694054365158081,-0.059434350579977036,0.6298786997795105,0.5951976776123047,-0.0022914826404303312,0.616346001625061,0.5682727098464966,-0.0416867621243,0.6322914958000183,0.6480310559272766,-0.06072361767292023,0.6468621492385864,0.7070543169975281,-0.06347014755010605,0.671949565410614,0.5797012448310852,-0.004827587865293026,0.6553540229797363,0.5474298596382141,-0.057131242007017136,0.6660106182098389,0.6437592506408691,-0.07472022622823715,0.6756879091262817,0.7120661735534668,-0.0713142454624176,0.7149115204811096,0.5737335681915283,-0.014240293763577938,0.7019683122634888,0.5456260442733765,-0.06729518622159958,0.7010901570320129,0.6382291316986084,-0.07369264960289001,0.7017379999160767,0.7093190550804138,-0.05816130340099335,0.7562367916107178,0.5701318383216858,-0.0250006802380085,0.7393122911453247,0.4710390567779541,-0.05287788063287735,0.7209346294403076,0.4048275947570801,-0.0601239949464798,0.7015877962112427,0.3508787453174591,-0.05633149668574333
P,0.7642232775688171,0.828747034072876,-1.4853702623440768e-07,0.6923765540122986,0.7362778186798096,0.006625754293054342,0.6582804918289185,0.6355229616165161,-0.007443596608936787,0.6367141008377075,0.5566837191581726,-0.027742519974708557,0.6148923635482788,0.48283201456069946,-0.05118773132562637,0.7074944376945496,0.5289967060089111,-0.03527373820543289,0.6700181365013123,0.42624181509017944,-0.06968531757593155,0.660755455493927,0.3499380648136139,-0.09213399887084961,0.6532399654388428,0.28047123551368713,-0.10858768224716187,0.7217440009117126,0.5590037703514099,-0.056956369429826736,0.606977641582489,0.5453379154205322,-0.09557678550481796,0.5329074859619141,0.5438018441200256,-0.10860080271959305,0.4773171544075012,0.5325720906257629,-0.11884761601686478,0.7201410531997681,0.6140841245651245,-0.07735982537269592,0.6029441952705383,0.6513428092002869,-0.1059853658080101,0.6161877512931824,0.7070972919464111,-0.0919179618358612,0.6463837027549744,0.7301039695739746,-0.08141053467988968,0.7102645635604858,0.6748063564300537,-0.09858017414808273,0.6188668012619019,0.7083649039268494,-0.11910826712846756,0.6252974271774292,0.7473461031913757,-0.11040480434894562,0.6503570079803467,0.7576003074645996,-0.10172805190086365
F,0.6664825677871704,0.8732345700263977,1.1524167575771571e-07,0.6141320466995239,0.8063805103302002,-0.011825833469629288,0.593470573425293,0.699838399887085,-0.017825158312916756,0.5914595127105713,0.6249125003814697,-0.02658199705183506,0.5805075168609619,0.5605180263519287,-0.03525056317448616,0.6081914901733398,0.6168136596679688,-2.5247689336538315e-05,0.5539805293083191,0.594775915145874,-0.03678397461771965,0.4995810389518738,0.6054484248161316,-0.07136749476194382,0.4608916640281677,0.6182636618614197,-0.09019972383975983,0.6402326822280884,0.5952801704406738,-0.012400234118103981,0.6284434199333191,0.4886668920516968,-0.036537252366542816,0.6041719913482666,0.40399110317230225,-0.057906582951545715,0.582701563835144,0.3314678966999054,-0.07164645940065384,0.6746174693107605,0.6058349609375,-0.030719587579369545,0.6951245069503784,0.4860514998435974,-0.06136080250144005,0.6914063096046448,0.39966630935668945,-0.08251682668924332,0.6819069385528564,0.3259402811527252,-0.09333217889070511,0.7033910751342773,0.6428108215332031,-0.04984409362077713,0.7409222722053528,0.5544585585594177,-0.0747448205947876,0.752730131149292,0.48148995637893677,-0.08330430835485458,0.7544804811477661,0.41569089889526367,-0.08693776279687881
E,0.6622647047042847,0.8326830267906189,-3.742721332855581e-07,0.5823134779930115,0.8222018480300903,-0.027716349810361862,0.5029551982879639,0.7471129894256592,-0.047048427164554596,0.4588587284088135,0.6718365550041199,-0.07001208513975143,0.4774804711341858,0.6023674607276917,-0.0882694274187088,0.5412516593933105,0.5688772797584534,-0.011859017424285412,0.5304069519042969,0.4427662789821625,-0.056527186185121536,0.5191376209259033,0.45639538764953613,-0.08928282558917999,0.5245238542556763,0.5189483761787415,-0.10452758520841599,0.5918763279914856,0.5500354766845703,-0.0195317305624485,0.5868754386901855,0.4025271534919739,-0.06343291699886322,0.574241042137146,0.4406954050064087,-0.08750038594007492,0.5763745307922363,0.5148654580116272,-0.09427252411842346,0.6425909399986267,0.5527317523956299,-0.03403574228286743,0.6384627819061279,0.41985809803009033,-0.06604813039302826,0.6260941624641418,0.4540509581565857,-0.07288149744272232,0.6276761293411255,0.5195664763450623,-0.06961710751056671,0.6957823038101196,0.5725606083869934,-0.052385084331035614,0.7004958391189575,0.4616343379020691,-0.0726393312215805,0.6879274845123291,0.46753764152526855,-0.07558183372020721,0.6824071407318115,0.5144118070602417,-0.07262575626373291
L,0.6855840682983398,0.8579280972480774,-2.0703967607005325e-07,0.6123707890510559,0.8372631669044495,-0.0385061576962471,0.5256491899490356,0.7643798589706421,-0.06164656579494476,0.4554867744445801,0.7147229909896851,-0.08482204377651215,0.39861494302749634,0.6936815977096558,-0.10671673715114594,0.5618048310279846,0.5925030708312988,-0.03631938248872757,0.5271662473678589,0.4703674912452698,-0.07467913627624512,0.5053609609603882,0.3975169062614441,-0.09422751516103745,0.49172720313072205,0.328581839799881,-0.10862017422914505,0.6172955632209778,0.5826126933097839,-0.041918348520994186,0.6091145277023315,0.5296826958656311,-0.10655844956636429,0.6158344745635986,0.6329789757728577,-0.11547458916902542,0.6255371570587158,0.6716023683547974,-0.10601072758436203,0.6733660101890564,0.5927895307540894,-0.05347144976258278,0.6683712005615234,0.5791630744934082,-0.11466939002275467,0.6654424071311951,0.6758368611335754,-0.09900777786970139,0.6687309741973877,0.6956815123558044,-0.07309483736753464,0.727963924407959,0.6153962016105652,-0.06865022331476212,0.720154881477356,0.5940203666687012,-0.10177194327116013,0.7094281911849976,0.665803074836731,-0.08602847158908844,0.7093649506568909,0.6842074990272522,-0.0664760023355484
I,0.6667565703392029,0.8731850981712341,-7.68104996495822e-07,0.5932652354240417,0.8639482259750366,-0.027735667303204536,0.5125831961631775,0.8020409941673279,-0.042224619537591934,0.4757755398750305,0.7328820824623108,-0.05939733609557152,0.49407100677490234,0.6691303253173828,-0.07061424106359482,0.5383637547492981,0.6604803800582886,-0.008193273097276688,0.526228666305542,0.6446366310119629,-0.0465569905936718,0.5479006171226501,0.7245417833328247,-0.06454070657491684,0.5658606290817261,0.7852295637130737,-0.06775197386741638,0.5846627354621887,0.6367037296295166,-0.010210472159087658,0.5690202116966248,0.6232994794845581,-0.06328132748603821,0.5898761749267578,0.7262160181999207,-0.08184283971786499,0.603652834892273,0.7991888523101807,-0.07989756017923355,0.6339807510375977,0.6261097192764282,-0.018840428441762924,0.6206303238868713,0.6103901267051697,-0.0740562304854393,0.6282069683074951,0.7128316760063171,-0.07949431985616684,0.6328326463699341,0.789885401725769,-0.06374604254961014,0.6798452734947205,0.6218124628067017,-0.028776690363883972,0.6640681028366089,0.524387538433075,-0.0601152628660202,0.6521085500717163,0.45824357867240906,-0.06724479049444199,0.6365653872489929,0.40051788091659546,-0.06312520056962967
F,0.6749311685562134,0.8317857980728149,2.3747855948386132e-07,0.61597740650177,0.7614145874977112,-0.009313205257058144,0.5896549224853516,0.661063015460968,-0.017292510718107224,0.5722697973251343,0.5932283401489258,-0.027945440262556076,0.5517864227294922,0.5332505106925964,-0.040253255516290665,0.6050259470939636,0.5766357779502869,-0.015143565833568573,0.5471590161323547,0.5472456812858582,-0.04927342012524605,0.49275320768356323,0.5591243505477905,-0.08072559535503387,0.45420390367507935,0.5680602192878723,-0.10023019462823868,0.6304157376289368,0.5655566453933716,-0.030217140913009644,0.6156100630760193,0.45381224155426025,-0.05796464532613754,0.5934476852416992,0.36816293001174927,-0.08290990442037582,0.5731654167175293,0.28990060091018677,-0.10117164254188538,0.6538670659065247,0.5831253528594971,-0.04906515032052994,0.6614132523536682,0.4681718349456787,-0.08453875035047531,0.6546474099159241,0.37828510999679565,-0.11265620589256287,0.6425713300704956,0.3003835082054138,-0.13005225360393524,0.672843337059021,0.6223371028900146,-0.06732756644487381,0.6994723081588745,0.5331193804740906,-0.09982988983392715,0.7078841328620911,0.4594677686691284,-0.11545448005199432,0.7054674029350281,0.39480525255203247,-0.12543223798274994
E,0.749718427658081,0.8631718158721924,-2.376269065962333e-07,0.6610870361328125,0.8392664790153503,-0.03351670131087303,0.5793012380599976,0.7488364577293396,-0.05762971565127373,0.5350955724716187,0.6584734320640564,-0.08535057306289673,0.568062424659729,0.590538501739502,-0.10824321955442429,0.6344583630561829,0.5555663704872131,-0.014667846262454987,0.6271435022354126,0.4193362593650818,-0.06439515948295593,0.6214002370834351,0.4187932014465332,-0.1054338663816452,0.6244069933891296,0.48189154267311096,-0.127046138048172,0.6938249468803406,0.5412442684173584,-0.023135071620345116,0.6981940865516663,0.37636059522628784,-0.07448795437812805,0.6906521916389465,0.3963977098464966,-0.11222122609615326,0.6866082549095154,0.4795553386211395,-0.12838560342788696,0.7500988245010376,0.5521630644798279,-0.03847547248005867,0.754841148853302,0.40164563059806824,-0.0735217034816742,0.7494691014289856,0.4168711006641388,-0.08814918994903564,0.7441630363464355,0.4893629550933838,-0.09019386023283005,0.8077832460403442,0.5805335640907288,-0.05833449587225914,0.8183585405349731,0.4615532159805298,-0.08215075731277466,0.8159545660018921,0.45201700925827026,-0.0901636928319931,0.8078955411911011,0.49758023023605347,-0.09044850617647171
L,0.7718979120254517,0.8925180435180664,-3.053027910482342e-07,0.693671703338623,0.8650649785995483,-0.05043966695666313,0.6021561622619629,0.7697714567184448,-0.07891695946455002,0.5249862670898438,0.6987292170524597,-0.10672104358673096,0.4588736593723297,0.6611908674240112,-0.13186800479888916,0.6440166234970093,0.5717707872390747,-0.047225113958120346,0.6113877892494202,0.42780229449272156,-0.09346900880336761,0.5923304557800293,0.3448335528373718,-0.11236294358968735,0.5819278955459595,0.2620697617530823,-0.12509408593177795,0.7078544497489929,0.5603319406509399,-0.048948973417282104,0.7023711204528809,0.5272537469863892,-0.12006999552249908,0.7048783898353577,0.6502173542976379,-0.12282034754753113,0.7122681736946106,0.6753003001213074,-0.1076313704252243,0.7725299596786499,0.5751858353614807,-0.058954302221536636,0.7693029642105103,0.5871998071670532,-0.12835702300071716,0.7586267590522766,0.6998021006584167,-0.10649025440216064,0.7598279714584351,0.7031892538070679,-0.07504911720752716,0.8344213962554932,0.6034834980964661,-0.07400829344987869,0.8273664712905884,0.6085822582244873,-0.11108136922121048,0.8105530738830566,0.6919792890548706,-0.09336293488740921,0.8101840019226074,0.7006537914276123,-0.07141759991645813
I,0.7495976686477661,0.9205722808837891,-9.08507331587316e-07,0.6735547780990601,0.8906270265579224,-0.029927242547273636,0.588265061378479,0.7954838871955872,-0.0451718233525753,0.5547400116920471,0.7035201787948608,-0.0641159936785698,0.5910293459892273,0.6393817663192749,-0.07640483975410461,0.623816728591919,0.6542498469352722,-0.005683023948222399,0.6146469116210938,0.6296406984329224,-0.05051485821604729,0.6346842646598816,0.7252703309059143,-0.07239694893360138,0.6508223414421082,0.799740731716156,-0.07602154463529587,0.6767589449882507,0.6367509365081787,-0.008428611792623997,0.6654889583587646,0.6115596890449524,-0.07084408402442932,0.6799793243408203,0.7344675660133362,-0.0916990414261818,0.6890536546707153,0.8250903487205505,-0.08708290755748749,0.7305958867073059,0.6353999972343445,-0.018873967230319977,0.7231870889663696,0.6125044822692871,-0.08195438981056213,0.7228879928588867,0.729677677154541,-0.08838854730129242,0.719345211982727,0.8193784952163696,-0.0689256340265274,0.7804746627807617,0.6396006941795349,-0.030815668404102325,0.766057014465332,0.5292835831642151,-0.06384531408548355,0.7536805272102356,0.45292046666145325,-0.07048652321100235,0.7375147938728333,0.3872968554496765,-0.06425189971923828
P,0.831061840057373,0.9226016998291016,-2.880329077470378e-07,0.7341707944869995,0.8124637007713318,0.0004360577731858939,0.6841636896133423,0.6776155233383179,-0.011645892634987831,0.65700364112854,0.572868287563324,-0.029859552159905434,0.6318861246109009,0.4829323887825012,-0.050435371696949005,0.7364324927330017,0.542830765247345,-0.03153638914227486,0.683960497379303,0.4183693826198578,-0.06982972472906113,0.6655598282814026,0.3261624872684479,-0.09458857774734497,0.6514013409614563,0.2431049346923828,-0.11275830864906311,0.7618801593780518,0.5756379961967468,-0.05376734957098961,0.6202051043510437,0.5688179731369019,-0.1010194942355156,0.5269667506217957,0.578432023525238,-0.1183248907327652,0.4581794738769531,0.575592041015625,-0.12941975891590118,0.7709662318229675,0.6418447494506836,-0.07606581598520279,0.6252923011779785,0.6919024586677551,-0.11872577667236328,0.6395361423492432,0.761365532875061,-0.10713375359773636,0.6749973297119141,0.7947332859039307,-0.0934353619813919,0.7691821455955505,0.7199193239212036,-0.09949056804180145,0.6508868932723999,0.7548144459724426,-0.13035078346729279,0.6564897894859314,0.8026689291000366,-0.1213500127196312,0.6870403289794922,0.8226689100265503,-0.10883958637714386
N,0.48766380548477173,0.2205445021390915,1.0194696642429335e-06,0.4403509199619293,0.30677106976509094,-0.029940038919448853,0.4581604599952698,0.42740413546562195,-0.057960573583841324,0.5079725980758667,0.5167041420936584,-0.07810267806053162,0.5573409795761108,0.5741708874702454,-0.0974823385477066,0.4565410315990448,0.4067237377166748,-0.10776159912347794,0.4590960741043091,0.5782730579376221,-0.14392273128032684,0.4608269929885864,0.6633580923080444,-0.1535358875989914,0.46692463755607605,0.7349416017532349,-0.15533551573753357,0.5143420696258545,0.3896060883998871,-0.10492383688688278,0.5123891234397888,0.578018069267273,-0.1380370706319809,0.5074741244316101,0.683495283126831,-0.138529971241951,0.5103816986083984,0.7621172666549683,-0.13791817426681519,0.5691715478897095,0.3741881251335144,-0.09830773621797562,0.5708484649658203,0.5446786880493164,-0.12694573402404785,0.5449347496032715,0.5139595866203308,-0.10704610496759415,0.5334476232528687,0.4636264145374298,-0.08721312135457993,0.6099328398704529,0.36343976855278015,-0.0927240327000618,0.6019453406333923,0.497772216796875,-0.1075163409113884,0.5761100053787231,0.4770277738571167,-0.08891310542821884,0.568274199962616,0.43344631791114807,-0.07186815142631531
N,0.5159900188446045,0.12574180960655212,1.1775357506849105e-06,0.4427371323108673,0.23463557660579681,-0.027090642601251602,0.4359598457813263,0.3828211724758148,-0.05256956070661545,0.47812438011169434,0.4935954213142395,-0.06912816315889359,0.52095627784729,0.5604776740074158,-0.0854845717549324,0.4594958424568176,0.39525696635246277,-0.11688929796218872,0.457390159368515,0.6037997007369995,-0.15413297712802887,0.45859092473983765,0.7114443778991699,-0.16398322582244873,0.4668594300746918,0.8006788492202759,-0.16489671170711517,0.5357436537742615,0.38714179396629333,-0.11495088785886765,0.5258693695068359,0.610188364982605,-0.14682598412036896,0.5201849937438965,0.7403565645217896,-0.14721781015396118,0.5267026424407959,0.8350561857223511,-0.14553722739219666,0.6019701361656189,0.3727344274520874,-0.10764885693788528,0.5863674879074097,0.5536385178565979,-0.1309439241886139,0.5476166605949402,0.5270472168922424,-0.11228732764720917,0.5302245020866394,0.4740596115589142,-0.09356717020273209,0.6495252251625061,0.3550841808319092,-0.10152836889028549,0.622397780418396,0.48610055446624756,-0.10922952741384506,0.5919362306594849,0.4651710093021393,-0.08778557926416397,0.5813337564468384,0.42061367630958557,-0.06848838925361633
N,0.5751374959945679,0.3097745478153229,7.302256790353567e-07,0.5152880549430847,0.38206762075424194,-0.024068942293524742,0.5101941823959351,0.5099635720252991,-0.055587831884622574,0.546302318572998,0.6142264008522034,-0.07935141026973724,0.5856512188911438,0.6871069669723511,-0.10382235050201416,0.497363418340683,0.4788880944252014,-0.12322288006544113,0.4995589256286621,0.6597140431404114,-0.1601526290178299,0.5037113428115845,0.7467991709709167,-0.16887828707695007,0.5102264285087585,0.8192178010940552,-0.17017069458961487,0.5592768788337708,0.4640752077102661,-0.12591199576854706,0.5523582696914673,0.6635953783988953,-0.16005629301071167,0.550999641418457,0.7688683867454529,-0.15855629742145538,0.5569233298301697,0.8453238010406494,-0.1574297547340393,0.6187136173248291,0.4551064968109131,-0.12278643995523453,0.610955536365509,0.6376601457595825,-0.14789268374443054,0.5920237302780151,0.6100640892982483,-0.12166213244199753,0.5861259698867798,0.5605624914169312,-0.09925194829702377,0.6675536632537842,0.44844865798950195,-0.12031055986881256,0.6553677916526794,0.5957217216491699,-0.13039328157901764,0.6361050009727478,0.5768156051635742,-0.1058441624045372,0.6314602494239807,0.53350430727005,-0.0859370231628418
N,0.6132113337516785,0.2532900273799896,9.681858728072257e-07,0.5462972521781921,0.3222331702709198,-0.04083756357431412,0.5423332452774048,0.459199994802475,-0.07846611738204956,0.5835191011428833,0.5690023899078369,-0.10342103987932205,0.6258583664894104,0.6446638107299805,-0.12766070663928986,0.5375915765762329,0.4095844030380249,-0.1548720747232437,0.5357775688171387,0.6017947793006897,-0.19882899522781372,0.5377905368804932,0.6946320533752441,-0.2079792618751526,0.5446754693984985,0.7739163041114807,-0.20918622612953186,0.6075177788734436,0.3976443409919739,-0.1489604413509369,0.5982611179351807,0.612329363822937,-0.19061921536922455,0.5906500220298767,0.7272090911865234,-0.18998225033283234,0.5949031710624695,0.8150898218154907,-0.18945994973182678,0.6712878942489624,0.39609798789024353,-0.13711556792259216,0.6610970497131348,0.5970867872238159,-0.16721218824386597,0.631354033946991,0.5646872520446777,-0.13914701342582703,0.621780276298523,0.5126609802246094,-0.11505197733640671,0.71793133020401,0.4002355635166168,-0.12712015211582184,0.7000115513801575,0.5533630847930908,-0.14018547534942627,0.6706024408340454,0.5304497480392456,-0.11689436435699463,0.6624050140380859,0.4859861433506012,-0.09808981418609619
